benchmark,Kissat_MAB_CoRephase,,,,,Kissat-MAB-rephasing,,,
,arm1(BWO),arm2(BWI),arm3(BWC),arm4(BWF),,arm1(B),arm2(I),arm3(O),arm4(W)
004b0f451f7d96f6a572e9e76360f51a-spg_420_280.cnf,1,1,1,1,,2,4,3,3
008e7716c69009090ff6bd0048dc55f8-SAT_dat.k10.cnf,5,4,5,5,,6,8,6,6
00a981f385cd209d41e1efa1f5f29bac-ibm-2004-03-k70.cnf,1,0,0,0,,2,2,2,1
00b46ace235e3915a439c77a231a5657-TableSymModel_output_7_3_9.bul_.dimacs.cnf,38,35,37,36,,14,143,12,14
00bb0b4ef28ed38c49de4c54b9fabc4d-25_2.cnf,16,17,17,16,,12,36,15,29
00f2eb377986e7decbc863931680a3b2-rand_net70-40-10.shuffled.cnf,1,1,1,1,,2,5,2,2
00f4aca773e5675f35263dcd46b15bde-vmpc_28.shuffled-as.sat05-1957.cnf,4,4,4,4,,5,6,5,5
017ba03ed108f492c9293c7c95e5cae9-multiplier_14bits__miter_14.cnf,20,20,20,21,,23,35,19,23
0191a0bf3412ed407ba669f8d69081ee-mrpp_6x6#18_20.cnf,2,2,2,2,,3,9,4,4
01966a0fc52b2200a13f5f835275a919-SGI_30_70_27_50_3-dir.shuffled-as.sat03-169.cnf,17,18,17,17,,21,26,22,25
01bd0865ab694bc71d80b7d285d5777d-shuffling-2-s1480152728-of-bench-sat04-434.used-as.sat04-711.cnf,1,1,0,0,,2,2,2,2
01dd5feb463fa80f73809718f6ff735b-10pipe_q0_k.cnf,9,10,9,9,,11,13,13,12
02066c116dbacc40ec5cca2067db26c0-mrpp_4x4#12_12.cnf,1,1,2,2,,4,4,4,4
028d0cc7af63e9bba5795f20e24db4f6-pyhala-braun-sat-35-4-04.shuffled.cnf,1,0,0,0,,1,1,1,0
0297c2a35f116ffd5382aea5b421e6df-Urquhart-s3-b3.shuffled-as.sat03-1556.cnf,2,4,3,3,,2,6,28,5
02c6fe8483e4f4474b7ac9731772535d-ncc_none_7047_6_3_3_0_0_420.cnf,3,3,3,2,,5,6,6,5
0336f81b60baac5b8f481dd3c32861a5-mod4block_2vars_10gates_u2_autoenc-sc2009.cnf,2,3,3,3,,9,16,11,10
036b541db9d0839b0591d408ff4f77ae-aes_decry_2_rounds.debugged.cnf,3,4,4,4,,7,8,8,7
037c423f56548082b1935e88c48ffdda-3col120_5_2.shuffled.cnf,1,1,0,0,,1,1,1,1
037d21e060a2e3eab8b080aa84ceee75-mm-1x10-10-10-sb.1.shuffled-as.sat03-1489.cnf,1,0,0,0,,2,1,1,1
03a43a7ea55217f53542ed3f029963af-satch2ways16w.cnf,22,20,19,20,,20,28,23,21
03de316ba1e90305471a3b8620cb9cd7-satsgi-n23himBHm26-p0-q248.cnf,1,0,0,0,,1,0,0,0
03e9d1abe418a1727bbf2ead77d69d02-php15-mixed-15percent-blocked.cnf,45,26,38,34,,24,81,12,47
06b138e8a6da806e88ac7da2919cef30-grs-192-32.cnf,4,4,3,4,,7,7,7,7
075ca0a158690a55b7254d9aaee2e103-asconhashv12_opt64_H4_M2-LOD9_m0_2_U19.c.cnf,7,8,8,11,,3,21,3,3
0811f761eee5e4ef28196fd98884a67b-multiplier_13bits__miter_15.cnf,15,14,13,14,,18,23,17,19
08455b2e1e6fda910989f0481a20f1c3-hash_table_find_safety_size_13.cnf,1,0,0,0,,2,1,1,1
090eefb9bc472f6478e70baf2c6d2403-PRP_100_150.cnf,23,24,23,23,,22,40,21,21
0945c95ba9b82c32d12fc9d9e5229c5a-SC23_Timetable_C_473_E_45_Cl_32_D_6_T_50.cnf,23,23,23,24,,27,28,29,27
096ac97e4261eabca440fc7bc135d7c0-SC23_Timetable_C_478_E_50_Cl_32_D_6_T_50.cnf,4,3,3,4,,3,8,4,4
0982db5b0b15642e79e8242881529b39-REGRandom-K4-L3-Seed15.cnf,34,33,34,33,,39,44,39,38
0a279c478775cdeede51ad431aebf200-24_0.cnf,17,18,17,16,,16,35,24,16
0a4ed112f2cdc0a524976a15d1821097-cliquecoloring_n12_k9_c8.cnf,46,43,48,44,,47,59,37,48
0ae0c5a4fb9001d63669a0aa5b592167-multiplier_16bits__miter_19.cnf,16,17,18,18,,22,33,18,19
0be1e12a8e7282d1a4e389bb90f6dbc7-or_randxor_k3_n600_m600.cnf,25,26,26,26,,30,32,32,32
0c9da400944b002f90fd385d4fdab385-DivS_568_11.cnf.sanitized.cnf,1,2,2,2,,4,5,5,5
0d3e99a07b6a6b67ac59d706c0af9d68-grs-32-160.cnf,6,5,6,6,,10,10,10,10
0eb98926b26343d31954169dfbde2b24-satcoin-genesis-UNSAT-11900.cnf,4,4,4,4,,11,11,11,11
0ef0d91d378eab41ba6fb9dfc9b87fc8-sat-bench-trig-taylor4.cnf,3,3,3,3,,7,7,7,6
10196804504080e7107809a2e5b3bfcc-ContextModel_output_6_5_6.bul_.dimacs.cnf,3,2,2,3,,7,15,7,7
112b0ac22b2a567cd3badfed3a5497fd-mchess16-mixed-35percent-blocked.cnf,6,5,4,5,,8,7,6,17
1153a473e1d5dd21ccd33189d594a4aa-tseitin_d3_n10000.cnf,46,47,47,46,,45,45,45,46
11db226d109e82f93aaa3b2604173ff9-posixpath__joinrealpath_13.cnf,46,36,38,38,,24,123,15,28
14a5ff0d6213dcfe182ec656764bbdfb-satcoin-genesis-UNSAT-9080.cnf,5,4,4,4,,11,10,13,11
150b5f8cac40bb4e0fcbdd65c3c04701-PRP_100_550.cnf,21,21,21,22,,24,45,24,23
15a2ec07aaca45d454a2fbfc0624e75e-hash_table_find_safety_size_29.cnf,1,0,0,0,,2,2,1,1
15c53f73c62a78c24bf5974e4a7afcd8-18_1.cnf,16,17,17,17,,10,32,20,25
17039a3ed02ea12653ec5389e56dab50-pbl-00070.shuffled-as.sat05-1324.shuffled-as.sat05-1324.cnf,1,0,0,0,,2,1,1,2
177a4ad8fd76ad8240387998112c3168-SC23_Timetable_C_481_E_49_Cl_32_D_6_T_50.cnf,1,1,1,2,,7,15,7,7
18416a9ac0909dce5fa96345f784c87e-intervals122.cnf,38,38,38,37,,39,45,44,45
189e5991b041a89700513106988e720d-rphp_p20_r20.cnf,38,40,43,40,,4,167,4,6
18babbd2835b8a37c6299f8b0301c7c9-brent_67_0.05.cnf,1,0,0,0,,1,1,1,1
19004c7d629f7e6e83c6e1d7a9a768a9-6s166.cnf,1,2,2,1,,3,5,4,3
1932e1e8f0c78372759909e45a19ecc7-brent_69_0.3.cnf,1,2,1,1,,2,3,3,3
19c6a29181bee2f3aa03bfb5c5d693d0-brent_9_0.cnf,14,14,14,15,,20,21,21,20
1a20649a8c79d6675d934cec271d573f-tseitin_grid_n100_m100.cnf,86,86,87,86,,68,100,68,68
1a40d2d8c589799a0d267cae03fcd4c5-SCPC-800-40.cnf,4,3,4,3,,5,9,4,10
1a63072b90f88c7fa621b5041f412b79-asconhashv12_opt64_H8_M2-nm2vUdkK_m3_5_U3.c.cnf,3,3,3,6,,7,27,6,4
1a6a635f5b959e191ec705b2f236568a-square.2.0.i.smt2-cvc4.cnf,1,1,0,0,,2,1,1,1
1aa7cd96ab1f7bf58984deccf8362ab4-rand_net50-60-10.shuffled.cnf,1,2,1,1,,2,5,2,3
1b02025658c2a23e1fd3ce0a9c3633cb-asconhashv12_opt64_H8_M2-I61h2mH5_m2_6.c.cnf,2,2,3,5,,3,11,3,24
1b86f59ce4c43f19f0ad1238f8c362b4-PRP_30_37.cnf,2,2,2,2,,4,13,5,4
1ce81dbba1292bf791e194b17aa2a219-satch2ways15u.cnf,19,16,18,16,,20,31,18,25
1d1af993697599892804df5878d58979-brent_69_0.cnf,1,0,0,0,,1,1,1,0
1d42a7c3616ce163e292340cfcd34f97-PRP_100_600.cnf,20,21,20,21,,22,43,23,22
1ea7fe95e6158afe11f7b795b9aac939-REGRandom-K4-L4-Seed10.cnf,14,13,14,13,,23,23,22,27
1eea3d913d346b900252d77fc0cb25c8-par32-4.shuffled.cnf,22,23,22,20,,23,32,35,29
1f215812371f0c428eb1f1e51f9f23d7-20_2.cnf,18,19,19,19,,20,37,26,19
1f6cf91464c6a19022144774b162a3cc-ER_500_30_3.apx_2_DC-ST.cnf,9,7,8,8,,12,14,9,15
20be6aa61af15fd53b4c48eb3f2f3319-27_1.cnf,14,16,16,15,,16,20,26,25
20cae5fe475d571da703f89d5da4bb8f-grs-96-32.cnf,3,3,3,2,,5,6,6,6
211938776d92f11870a687abd11d55a4-iso-icl004.shuffled-as.sat05-3238.cnf,1,0,0,0,,1,0,0,0
21667cf04beae213adbab0d48408a7e4-satcoin-genesis-UNSAT-10600.cnf,4,5,5,5,,10,12,11,11
21bde0ebb111c637a1ae8789827b0b73-WCNF_from_fp_13.cnf,46,38,37,38,,34,86,24,40
220bb8aa093e502c47afcdac3140d67c-vmpc_24.cnf,1,1,0,0,,2,7,2,3
22d0a2fdc65d884c2bbde56af9feba4a-intervals961.cnf,41,41,38,41,,38,44,47,41
23c4e178c94c0dff82ea6c87abed7ecc-rphp_p60_r60.cnf,35,32,34,34,,8,138,5,7
246afd75cb97a21144f368c00252a656-BZ2File_write_11.cnf,31,15,17,18,,8,57,8,21
24b93d0bf941e4b050c9109e4cb7faf4-connm-ue-csp-sat-n600-d-0.02-s1022905465.used-as.sat04-951.cnf,1,0,0,0,,2,3,1,1
24bf910d2b9da558fb3e71a4dbe79ba3-lisa19_99_a.shuffled.cnf,1,1,1,1,,2,5,2,4
2537f10a45d7ab430334dc1de6bfbdf0-SC23_Timetable_C_486_E_50_Cl_33_D_6_T_50.cnf,3,3,3,3,,6,6,6,6
25b7a69d04a5029cf4ba2f483b5bec45-asconhashv12_opt64_H9_M2-LSGb5PgEM_m2_7.c.cnf,1,1,1,4,,3,3,38,3
26114429758a203d651f4df87c94de4c-sgen1-unsat-97-100.cnf.mis-72.debugged.cnf,4,3,3,4,,2,4,11,7
262009b8df6350761c7dfc8761f0af79-intervals788.cnf,41,40,41,39,,35,53,39,43
2722f39c27dc45a989bb52761ed52e50-31_1.cnf,13,13,13,12,,18,19,18,21
275d36e3f246990dccd094e5e1442ba9-WS_500_32_50_10.apx_2_DC-AD.cnf,29,29,29,29,,35,54,29,37
27b4fe4cb0b4e2fd8327209ca5ff352c-grid_10_20.shuffled.cnf,1,0,0,0,,1,1,1,0
28857e681fc6a9077d5a7d0e9c7a19ad-hash_table_find_safety_size_14.cnf,1,0,0,0,,2,1,1,1
28e45a3e488ddac73b6116cc6f3e67e0-g2-T99.2.0.cnf,1,0,0,0,,1,0,0,0
28f29fe949422ec88892e18073de065c-5col100_15_6.shuffled.cnf,1,1,1,1,,2,7,2,3
2902c241b2196f5fd914509fdc124ba7-REGRandom-K4-L2-Seed20.cnf,47,46,47,47,,47,54,47,49
291c2b4fa2d8b009cd2a8331891ba667-PRP_30_40.cnf,2,3,3,3,,4,4,4,4
29505dfcf090c4cfdfb59268160be81d-hash_table_find_safety_size_24.cnf,1,1,0,0,,2,2,2,1
29bab0de14e56e526be9683131005cb2-stb_588_138.apx_2_DS-ST.cnf,6,5,5,5,,3,11,4,4
29e101b66dfddb440e974b9feec5b1aa-spg_200_307.cnf,4,4,4,4,,13,28,13,14
2a144840047376cee3b7b99455158976-goldberg03:hard_eq_check:i10mul.miter.used-as.sat04-333.cnf,2,2,2,2,,4,5,5,5
2a4680a801ad32ab8768030250daf0c8-ER_500_10_5.apx_2_DC-ST.cnf,35,31,32,33,,32,65,26,35
2b3de92685792ae19e4549b5c4571e27-crafted_n12_d6_c4_num4.cnf,2,2,3,3,,10,3,5,4
2b7e863462991fd008f9898eca63ebf4-SC23_Timetable_C_481_E_50_Cl_32_D_6_T_50.cnf,1,1,1,1,,9,9,8,9
2c9dc96b7a8b0410e64dd33f7e00a0c1-30_2.cnf,14,14,14,13,,16,20,21,24
2d0c041c0fe72dc32527bfbf34f63e61-170223547.cnf,6,6,6,7,,4,16,6,7
2e808d215e4155379a847b146ef38b34-goldcrest-and-16.cnf,5,5,5,5,,6,17,7,6
2ef023ae6c46e4415734f9349a36d678-velev-pipe-o-uns-1.0-7.cnf,8,7,7,7,,9,15,10,10
2f219dfa21d996e1834aa247f934f304-grs-192-48.cnf,5,5,6,5,,9,11,8,8
303ba61141150f84b0d8b44839df59fd-REGRandom-K3-L3-Seed10.cnf,58,57,56,57,,53,63,52,55
30e680ded3b9be6be0b5baac273f2646-asconhashv12_opt64_H5_M2-A8qZX_m0_3_U23.c.cnf,3,4,3,6,,3,11,8,14
323223c497a22051f5a3ef508ccbaa7c-SC23_Timetable_C_477_E_50_Cl_32_D_6_T_50.cnf,1,1,1,1,,3,3,4,4
328da7966b09b2f6e99c93c4e877fbff-sgen3-n260-s62321009-sat.cnf,31,31,30,30,,26,46,28,28
339b1cfda231aaca601cd6339c07ca2c-PRP_100_450.cnf,22,22,23,23,,25,46,24,25
33bcf82677b7fdacf18dd48892596a1d-TimetableCNFEncoding_20_UNKNOWN.cnf,3,3,3,4,,5,6,6,6
33cfa309d10e1d4fe30f1302807f42ce-SC23_Timetable_C_482_E_50_Cl_33_D_6_T_50.cnf,4,5,5,5,,10,9,10,9
3498eea73b78ddc444cbee48b121c541-grs-64-160.cnf,8,8,8,8,,12,12,13,13
34e5fd58b65bf305cc773f0dbfb47917-intervals553.cnf,49,41,40,44,,41,54,52,40
358fa8d20aa467c7e9b9bf34f73d1dc9-patat-08-comp-3.cnf,1,1,0,0,,2,1,1,1
35b19a3332597c1e5a3668f75ca72971-SC23_Timetable_C_480_E_50_Cl_32_D_6_T_50.cnf,1,1,1,0,,7,6,6,6
361290e60ab2a8ea9dccfcff65bf0778-satcoin-genesis-UNSAT-9880.cnf,5,6,5,5,,11,11,12,12
3663000b31a5c80922afc6e48322accb-6s165.cnf,1,1,0,0,,2,2,1,1
36c342091848d5d6a1a8eeb3a8b49b86-rovers1_ks99i.renamed-as.sat05-3971.cnf,1,0,0,0,,1,0,0,0
3728fe50d8038c639c2d9c84e04fe2b1-46bits_11.dimacs.cnf,4,4,5,5,,7,6,6,9
37d40a1092b58ad28285b9453872d211-DecompressReader_read_12.cnf,53,32,34,36,,22,106,11,32
385a678ba820d79c6fb5f497adaf32ec-grs-48-128.cnf,6,6,6,7,,9,11,10,9
385e2c7010a419a9bd47b9258c9d2903-tseitin_d3_n200.cnf,85,83,85,83,,89,55,71,93
38833d6a1ff6a56ef22bd2dc1e3fdde7-rbsat-v1150c84314gyes10.cnf,19,18,18,18,,28,35,26,37
38ca761a5808eace8bc8f1fcfdb5b5a8-multiplier_15bits__miter_20.cnf,17,19,18,17,,24,23,25,24
396245861b331d45e1345bd43fe352e2-asconhashv12_opt64_H8_M2-1yQCyA0j_m2_6.c.cnf,2,2,2,4,,2,7,29,3
3a7a64e1d6cf5ce969b2b05b5464f707-PRP_30_38.cnf,2,2,3,2,,4,10,3,4
3cff6c97a515aecfe46ba0f1256a3c11-shuffling-1-s1870372346-of-bench-sat04-423.used-as.sat04-562.cnf,1,2,2,2,,4,5,5,4
3e7dc7350195104b76b7d03ab5b0af8f-SC23_Timetable_C_490_E_50_Cl_33_D_6_T_50.cnf,14,14,14,14,,27,29,29,27
3f341c57c37d86350af5233b8e15e52e-19_2.cnf,17,18,18,18,,17,33,18,21
3f4174289e971950c290f27892169bc5-intervals607.cnf,43,40,40,42,,28,63,33,47
3ff114cc7bee4f39fa56a0325e605c2d-stb_588_138.apx_2_DC-ST.cnf,5,5,5,5,,7,14,7,8
4029fbae284eaf924b37b6f43d3a67fb-WCNF_from_fp_14.cnf,44,39,38,40,,30,85,27,42
40ae60a61929b6bfa2ac99ab4b9a0f7e-grs-96-192.cnf,7,8,8,8,,12,14,12,12
41457ee03686b32962c12445524f62a9-mchess18-mixed-45percent-blocked.cnf,9,10,10,10,,15,14,14,15
41a8365f60db55b71d949df6954e0db7-FileObject_open_13.cnf,76,24,27,28,,24,100,7,37
41c39c9a2d75ca50b603ea7c3d86106a-brent_63_0.cnf,1,0,0,0,,1,1,1,0
4282ea42fd414bfd2c4bf81fe8a43e24-DivU_1520_10.cnf.sanitized.cnf,2,2,3,2,,5,5,5,5
428da12ab8f5f68ae261e6468c2fef73-TableSymModel_output_8_3_10.bul_.dimacs.cnf,41,35,39,41,,7,148,7,11
431bfb466be51ecd86b321b5cbce6d3c-mrpp_8x8#22_10.cnf,1,0,0,0,,1,1,1,1
4380f8ed143d97a65f8888b2feeddb80-intervals477.cnf,39,39,40,38,,35,50,41,44
4408f30395fb799e01b34b0dc7ee1d62-cliquecoloring_n14_k9_c8.cnf,47,43,44,44,,44,72,32,55
44092fcc83a5cba81419e82cfd18602c-php-010-009.shuffled-as.sat05-1185.cnf,2,2,2,2,,2,10,3,3
44ad104c3b0c83b4cfc260583dee2397-PRP_30_36.cnf,2,3,2,2,,6,13,5,6
44b249f51321a2bf38f730534b781bec-c880_gr_rcs_w7.shuffled.cnf,1,0,0,0,,1,0,0,0
45faf223af97fe9177daa3ad4002cf2f-hash_table_find_safety_size_25.cnf,1,1,0,0,,2,2,1,1
4611cd26b441b8c5866e4a2c5a7952dc-WS_400_24_90_10.apx_1_DS-ST.cnf,28,27,27,27,,32,35,29,37
46e119b7ff8d0781354bfe68139c99b5-grs-96-96.cnf,6,6,6,7,,10,12,10,10
48539e7e4baae6db72cda7e8a9cecfa0-oisc-subrv-sll-nested-15.cnf,3,3,4,3,,7,9,6,7
48ac8814180bdc90bf96a4caea64dae2-intervals633.cnf,42,42,39,42,,45,48,52,42
4989239fbeb6eb40fc0b664d9ba92636-asconhashv12_opt64_H7_M2-K1zfAs8_m0_3_U5.c.cnf,2,2,4,4,,5,7,5,25
4a6a797c6b4a8055d10b74edda9a5e30-TableSymModel_output_8_4_8.bul_.dimacs.cnf,37,34,35,36,,22,92,22,30
4d2f74ef97b6d40ebd71f85dcb75c543-tseitingrid7x160_shuffled-sc2016.cnf,86,87,86,86,,80,82,81,81
4e64ffc14db014d5591f40865376c32a-satcoin-genesis-UNSAT-7200.cnf,5,5,5,4,,10,10,11,10
4f38f4b005cc54122135c8c21aec4b85-intervals7.cnf,42,42,42,40,,37,58,43,47
4fd2e4e6ecb4fe8d3f9e1fda81633469-brent_69_0.05.cnf,1,0,0,0,,1,1,1,0
4fdcf4248a332c1c9a89d37439c879a9-or_randxor_k3_n520_m520.cnf,23,23,23,23,,30,31,33,34
4fe42891b004d7425631a8edb4252d3f-32_0.cnf,13,12,13,13,,15,26,15,18
4ffb80a0ad8b753fee1492101ffcbdbb-REGRandom-K4-L1-Seed5.cnf,52,52,52,52,,50,52,50,56
524848d379582b63060ed43d3729b9f3-satcoin-genesis-UNSAT-19500.cnf,4,5,4,4,,11,12,11,11
52be8740aab896317320cd44a5d2af2f-intervals753.cnf,42,43,41,42,,38,53,52,41
53799aafcd0c684a2adc79400bd35f82-satcoin-genesis-UNSAT-5920.cnf,5,6,5,5,,10,11,11,12
5437ba8972228ea5531a69a9aa064acc-satcoin-genesis-UNSAT-19800.cnf,4,4,4,4,,12,12,12,11
54ab5a53d2fdfcda16ec74768b29f901-rphp_p30_r30.cnf,38,37,40,39,,5,151,5,5
558113ad4d50130351db8c426230a50f-asconhashv12_opt64_H9_M2-wNfQskE8G_m1_6_U0.c.cnf,8,8,9,14,,3,3,46,3
558ce551d2b933b7a5f1c7d2a6044930-collections_namedtuple_15.cnf,49,36,36,36,,50,90,18,29
571a2f223784fb92a53b4cc8cc8b569e-clqcolor-08-06-07.shuffled-as.sat05-1257.cnf,1,1,1,1,,2,5,3,3
578b5e6a2f0b295168cb6c5420810a72-php18-mixed-35percent-blocked.cnf,15,12,12,13,,11,40,9,13
578f9377bfbfcc6ea3a18eb630667956-ferry8_ks99i.renamed-as.sat05-4005.cnf,1,0,0,0,,2,1,1,1
57c305967b30c503da1737258e6cc7e5-6s20-sc2013.cnf,6,6,6,7,,9,11,9,10
587150fb7b12a6b5dd7e4a9446b9713b-iso-ukn004.shuffled-as.sat05-3385.cnf,1,0,0,0,,1,0,0,0
5918f1624d4dfd964227356786a4e9ec-ContextModel_output_8_4_9.bul.dimacs.cnf,17,17,17,16,,21,25,22,22
5a72cb588bcda7b1b54a1eac6b19ab2e-hash_table_find_safety_size_23.cnf,1,1,0,0,,2,2,1,1
5b3d8a4465726adfcb58b9cdb1cc33f1-intervals222.cnf,43,42,41,41,,34,50,48,42
5dc5185101e1d439d14f0a04acfa9bfb-28_2.cnf,15,15,15,15,,18,17,22,27
5f6861053fb4ed4fc0b997cd6b505ef4-tseitin_d3_n110000.cnf,32,31,32,31,,34,34,34,34
62c763bdf8d351b15df3a4d62a03eba0-g2-ak128astepbg2asisc.cnf,3,3,2,2,,3,4,3,3
63159b6b10c3d6832bd5944e05d78b11-SCPC-700-80.cnf,5,4,5,4,,11,26,6,12
644fd765d26bd4a380922ccd0f594c58-mchess18-mixed-25percent-blocked.cnf,13,13,13,13,,17,22,21,18
6549f23728c52d5319f30371ff709622-hash_table_find_safety_size_27.cnf,1,1,0,0,,2,2,2,1
65b1e2253626af4a72b954f8186a5880-hash_table_find_safety_size_10.cnf,1,0,0,0,,2,1,1,1
670a24d73dbadd3073e9604c6ef903d1-tseitin_grid_n260_m260.cnf,50,49,50,49,,46,46,46,46
67904554c73addf89fe675bd8e494641-intervals327.cnf,43,43,41,40,,32,47,44,48
67a5b7ccde980b37576b993c79e176b0-hash_table_find_safety_size_22.cnf,1,1,0,0,,2,1,1,2
685d37e93ba26197925353e58026ae10-hash_table_find_safety_size_12.cnf,1,0,0,0,,2,1,1,1
68649ac2830edad5d0dc7e3d13935132-SCPC-800-46.cnf,13,8,10,10,,12,21,8,18
6aacae96461cb65176942b6dc88ea470-mchess20-mixed-25percent-blocked.cnf,31,29,29,29,,34,36,33,33
6b2ccabf0304af478a558b8a333ced32-grs-192-256.cnf,7,7,7,7,,10,11,11,10
6bb485770dbc3943ea84933a03131958-satcoin-genesis-UNSAT-18600.cnf,4,4,4,4,,11,12,12,12
6d67f76f114db9801952ed155e745e16-23_2.cnf,18,19,17,17,,14,24,30,28
6dca14e1af1795565d1e502ddc7d376b-hash_table_find_safety_size_15.cnf,1,0,0,0,,2,1,1,1
6e31e88a5dadaa3876eb5ff4293134c2-hash_table_find_safety_size_21.cnf,1,1,0,0,,2,2,1,1
6e5efd19744842d1fa5415173bffbf6b-tseitin_d3_n180000.cnf,27,26,27,27,,30,31,31,30
6e9cae5108bd423666c73aaace197769-brent_51_0.28.cnf,3,4,4,4,,3,6,4,4
705f6075b27775e03daf6e8d781cb953-shift1add.28943.cnf,1,1,0,0,,2,2,1,1
70af2c3bfd44bcf9baa2a9605f4a17fe-gensys-icl002.shuffled-as.sat05-2714.cnf,1,1,2,2,,3,3,3,3
70ce0cff914efdc48f2a8fe86b5c68c6-TableModel_output_8_4_7.bul_.dimacs.cnf,5,5,6,6,,4,141,4,7
711ff7681711949f44b07a0d530dc729-asconhashv12_opt64_H12_M2-CxLJidFX21oI_m3_6_U2.c.cnf,2,2,5,5,,2,7,3,34
71270454196ae092b28d0a74300a85e1-Schur_161_5_d40.cnf,13,13,14,13,,14,19,17,17
71758ed7637888d4fd4593ec820677bc-SCPC-800-42.cnf,3,2,2,2,,4,17,3,7
71bca76153c6ee65b72a517fd658a42d-iso-brn100.shuffled-as.sat05-3025.cnf,1,0,0,0,,1,0,0,0
71cf538aa0751d27f144de9c8d82e458-TableModel_output_8_3_10.bul_.dimacs.cnf,37,33,39,36,,3,161,3,3
71dbf7ab78ef93c3d491c67752f03fd1-hwmcc10-timeframe-expansion-k45-nusmvguidancep9-tseitin.cnf,1,0,0,0,,2,1,1,1
727cd7c528ac106f134cc882c9202108-15pipe_q0_k.cnf,18,18,18,18,,23,23,24,25
72b5ad031bf852634bc081f9da9a5a60-GzipFile_close_11.cnf,30,18,20,18,,17,47,9,22
73063c6257a4ffc29f5bea7028403a64-mod2c-rand3bip-sat-250-2.shuffled-as.sat05-2534.cnf,2,3,3,5,,2,16,4,5
74931e82fd208ed949fa44bccd80df6b-DivS_862_11.cnf.sanitized.cnf,2,2,3,3,,5,6,5,5
751402d0738e5622b599c651283cb48a-SCPC-800-43.cnf,3,3,3,3,,5,10,4,9
751afd7ddf8f242ed7bd93517ba82149-mchess20-mixed-45percent-blocked.cnf,31,32,31,32,,32,33,32,35
758f9ed67b4d2068c209157335e07266-or_randxor_k3_n640_m640.cnf,22,21,23,21,,29,35,32,32
78d23f235b63b1b7f08eb1b6cfb03f34-29_1.cnf,14,14,15,14,,16,24,19,23
79391ed5a7f19b947cefe7af1178146a-21_1.cnf,14,15,14,14,,21,26,22,32
79c109a8c1da53c6b636d3835f11a19d-grs-64-32.cnf,2,3,3,2,,5,6,5,6
7aaf3275cbe217044ef305f0a1ca8eb5-CNFPlus_from_fp_12.cnf,43,38,39,38,,41,81,22,43
7b4622a3ab523264378a560199de47ed-ER_400_20_4.apx_1_DC-ST.cnf,7,6,7,6,,7,20,7,9
7d58f2f0c79cbcad0496ced184ba0680-TableSymModel_output_6_3_8.bul_.dimacs.cnf,33,32,33,33,,35,51,34,36
7dc81d3cb9066f8bc06ceffbca237572-TableModel_output_7_3_9.bul_.dimacs.cnf,42,30,43,35,,4,167,4,7
81d2158d506ea1049708837460b9387e-WS_400_24_70_10.apx_2_DC-AD.cnf,13,12,12,13,,15,17,15,20
824c21545e228872744675ae4ee32976-WCNFPlus_to_alien_14.cnf,53,34,34,36,,31,110,14,27
8252d67358381873e07bb637ad177b83-hash_table_find_safety_size_16.cnf,1,1,0,0,,2,2,1,1
8270ae50e6f2881136868db6d3a88eee-WS_400_24_90_10.apx_2_DC-AD.cnf,18,18,18,17,,20,31,15,22
828e1066a477e98e8d834528df3fc874-or_randxor_k3_n560_m560.cnf,24,23,23,24,,31,34,35,34
82fe0a5b2467d6e5299c315da8b16ec5-brent_51_0.07.cnf,3,3,3,3,,2,2,2,2
835ac60ca83af6f334b64b61c4ad345b-tseitin_d3_n160.cnf,80,76,79,83,,159,47,37,47
83cf6bfa7945b54e8c4ac659d1a4359e-SC23_Timetable_C_473_E_52_Cl_32_D_6_T_50.cnf,1,1,1,1,,3,3,3,3
8403d03df1ce64af3bf7581449d320fb-brent_63_0.26.cnf,1,1,0,0,,2,6,2,2
85240babab8083e1b381e2971d875ab8-satcoin-genesis-UNSAT-17800.cnf,3,4,4,4,,11,13,12,12
8751f8d1570611ba079dfd862b14c514-SC23_Timetable_C_473_E_49_Cl_32_D_6_T_50.cnf,1,1,1,1,,3,3,3,3
87ec32f70c5e3a279e636f7f62e70a19-mchess22-mixed-45percent-blocked.cnf,32,33,31,32,,33,40,33,35
89120de895868a3fccd74f30f78a5448-grs-192-160.cnf,7,7,8,8,,13,13,12,12
8a7a61a63a718e4dc5aba5426b31c063-satcoin-genesis-UNSAT-18400.cnf,4,4,4,4,,11,12,11,12
8ade10da9731ce31d103c1687ff40a3d-brent_63_0.15.cnf,1,0,0,0,,1,1,1,0
8b797110ff321ee673eab1542069f192-ContextModel_output_8_4_10.bul.dimacs.cnf,20,19,19,19,,23,25,23,25
8bcd3f3e269fa3c9516667b626d61602-TableSymModel_output_8_4_7.bul_.dimacs.cnf,4,4,4,4,,5,8,4,8
8c7477dc33a412514998a2fd6b32dbf5-intervals855.cnf,41,40,40,40,,34,52,42,40
8cf6b81061285343c4f33c51afdb3fbb-minxor128.cnf,8,8,8,8,,12,14,12,12
8cfc8e99d31bcaf18ff3360b08c8521c-sat-bench-trig-taylor6.cnf,5,4,4,4,,8,9,9,8
8d31ec9edeac705ffd1b23f0cc4f3256-ContextModel_output_7_3_9.bul_.dimacs.cnf,5,5,5,5,,2,3,3,3
8d458780fb74c28c01a5fe89990ad521-mchess16-mixed-45percent-blocked.cnf,5,5,5,5,,9,14,6,6
8db36208fc6ce43b4002cf048c549b3f-WS_400_32_90_10.apx_1_DC-AD.cnf,31,29,30,30,,36,55,29,40
8e30bfdb721ca0a20031c79a76f9aa7c-satcoin-genesis-UNSAT-18800.cnf,3,4,4,4,,11,12,11,11
8f7cd9fb4b8852fdf9a21c606724c71a-satcoin-genesis-UNSAT-12300.cnf,4,4,4,4,,12,12,12,12
8fa526d20599ca8c3d613e9066d62e61-sat-bench-trig-taylor2.cnf,2,2,2,2,,5,5,5,5
8fcc57f6c75cb2ac48d19e3038ad3c6c-asconhashv12_opt64_H6_M2-4XKSMr_m1_3_U25.c.cnf,5,4,4,4,,3,6,4,28
909f704d5f4127c1197a086705468624-rbsat-v760c43649gyes10.cnf,1,1,1,1,,3,4,3,4
911cbc796d15eb316d36c82c90fd7d11-c499_gr_2pin_w6.shuffled.cnf,1,0,0,0,,1,1,1,1
91b88d172a08e2a57c189bddff51bfd5-22_1.cnf,17,18,18,18,,18,19,32,27
92387c29e87aa857e84feb301f3d6aff-rbsat-v760c43649gyes5.cnf,1,1,1,0,,3,8,3,4
92c17c00d862668de6e6c45d4eecdc75-combined-crypto1-wff-seed-101-wffvars-500-cryptocplx-31-overlap-2.cnf,5,6,6,5,,4,11,5,6
92d6795785d35d1dcc42b15dc0e933d0-grid-pbl-0150.shuffled-as.sat05-1347.shuffled-as.sat05-1347.cnf,2,2,2,2,,4,4,5,5
93a87994c03a7752f85d863239555d48-PRP_30_35.cnf,2,3,2,2,,6,7,6,7
945d67baeb7860df648ab6ef4782d5ed-stb_792_333.apx_1_DS-ST.cnf,5,5,5,5,,10,18,10,11
953e9ff735bdf5ada27b0ab2b908b6af-WS_400_24_70_10.apx_1_DC-ST.cnf,11,11,11,11,,13,18,15,17
9631e4082abf03e560b889c5715d3979-PRP_30_41.cnf,2,3,3,3,,2,3,1,1
964162c1faee2c1e3a4dfa4f9c75c34f-php18-mixed-15percent-blocked.cnf,45,27,35,32,,36,77,14,50
965ca988015c9aee5a1a7b2136c1fe5d-os_fwalk_12.cnf,47,34,38,36,,31,98,14,31
96ae6bde39369f75aa975b0f5b74c325-asconhashv12_opt64_H13_M2-NBRdIKEb8MS2W_m3_5.c.cnf,3,3,3,5,,2,30,3,3
96e01064ac3b644143278c21859e201f-brent_51_0.29.cnf,5,4,5,4,,2,3,2,1
97a17306a2882e0fd1aa3981a267df0d-SC23_Timetable_C_473_E_46_Cl_32_D_6_T_50.cnf,23,23,23,23,,28,28,30,28
9811b95bfd5888014d27e6dd384ff502-WS_500_16_90_70.apx_2_DC-ST.cnf,6,6,5,5,,8,16,8,8
98c6da979a0a22d384d465a1da17111e-PRP_100_250.cnf,23,23,24,24,,25,47,25,26
99d134de6323a845a2828596a48bbb1d-php17-mixed-15percent-blocked.cnf,50,24,31,36,,19,106,11,39
9a413c250f82a93d513d4092ba654ee2-asconhashv12_opt64_H4_M2-ldRf_m1_2_U21.c.cnf,2,2,3,4,,3,3,3,27
9c7043290cee8127c3626d8067759267-stb_531_83.apx_2_DC-AD.cnf,10,9,10,10,,13,16,13,18
9de6ddddf7fde06bf2efd955e2bd1a83-SCPC-700-84.cnf,5,3,4,4,,16,24,8,18
9e18c079efdc17ceade5c7a330b507d2-SC23_Timetable_C_474_E_50_Cl_32_D_6_T_50.cnf,1,2,2,2,,3,3,3,3
9e7f2b92c6e46d03ddcafd798aa80cb6-hash_table_find_safety_size_17.cnf,1,1,0,0,,2,2,1,1
9f3ef12b5b68f92eb9265721ea73bb03-asconhashv12_opt64_H9_M2-Jdds95CIv_m1_5.c.cnf,2,2,2,5,,2,2,39,2
9fe43145e48a0ef0096bb72531f1a0e3-16_1.cnf,20,19,19,19,,21,28,26,27
a09a2d7397732447bdcc9651973767b7-TableSymModel_output_6_5_6.bul_.dimacs.cnf,29,28,29,29,,35,38,35,37
a0c7aea176b5a2b65c27c8af7039326b-grs-160-64.cnf,5,6,5,5,,9,12,9,9
a1276d5dcb822aa03806df58fa9ca1c8-grs-128-32.cnf,3,3,4,4,,6,8,7,6
a18b6fbdfee43c007e07dedf15477797-SCPC-700-86.cnf,8,6,7,7,,15,45,9,18
a292411f3f563a47c05a78f8295163dc-hash_table_find_safety_size_26.cnf,1,1,0,0,,2,2,1,1
a45b60e53917968f922b97c6f8aa8db3-unsat-set-b-fclqcolor-10-07-09.sat05-1282.reshuffled-07.cnf,26,6,6,6,,26,21,9,11
a4941208671f6ebfd118e4e563538c31-SCPC-1000-20.cnf,5,4,5,5,,9,14,6,14
a4b05fbc5be28207b704e1fae4b7c8a0-FileObject_open_12.cnf,61,28,31,33,,19,97,14,37
a552a058e6376a36b1f1b2724f228364-IBM_FV_2004_rule_batch_1_31_1_SAT_dat.k40.debugged.cnf,5,6,6,6,,7,16,8,7
a64f3c1afd7e0f6165efbe9fc2fc8003-pmg-12-UNSAT.sat05-3940.reshuffled-07.cnf,29,28,31,27,,2,17,86,24
a6d7268b35eec18656a85ad91b0413e9-php17-mixed-35percent-blocked.cnf,10,8,8,8,,14,15,10,17
a7a9ca7e06b6b1e979950ea96183d07d-rook-47-0-1.cnf,8,7,7,7,,13,14,11,13
a7bbcc6535cca5a37f015f29090e8797-grs-48-256.cnf,6,7,6,7,,12,13,12,12
a811388cc92def6ef2d639dc062d456c-ContextModel_output_6_3_8.bul_.dimacs.cnf,11,11,11,11,,7,14,8,8
a83665715cf54e10f6d5382b97fd909c-PRP_100_400.cnf,22,23,23,22,,25,45,24,24
a8dc92a9c0434576b47c82c94ab5c446-Grain_no_init_ver1_out200_known_last105_0_u.cnf,12,12,11,12,,14,14,16,17
a8dcaf436bda091dad9ca1ff58de7287-asconhashv12_opt64_H10_M2-BPHqhzNzqi_m5_6_U14.c.cnf,5,3,5,9,,4,35,3,3
a931fb0e1490883ee7719eab96ed558a-T87.2.0.cnf,2,2,2,2,,5,4,5,4
a98d77ba9d3fbe8b7c55cbf75b2b43a8-TableModel_output_6_3_8.bul_.dimacs.cnf,38,35,40,36,,3,179,3,3
a9d081cbb33e6051be2512f2a2269d65-hash_table_find_safety_size_20.cnf,1,1,0,0,,2,2,1,2
aa0d6b8c63f57956b9aed350f38e0571-intervals244.cnf,39,41,40,40,,34,61,42,41
aa4a861240c0c39b5aa44602133ae5e1-stb_418_125.apx_2_DC-ST.cnf,9,8,9,9,,9,25,10,10
abe802007c9aed4eab2e758fb130174b-mp1-klieber2017s-1600-022-eq.cnf,4,13,10,8,,2,34,9,7
accf33a84bdf211bebbd2111fb7f6b91-DivS_942_11.cnf.sanitized.cnf,2,3,2,3,,5,6,5,6
ad69e0a0880cd377e26260f7e4bc6d51-g2-T49.2.0.cnf,4,3,3,3,,7,7,7,7
ae7e391be73431e5dddf2bbafe95758a-WS_400_24_70_10.apx_2_DC-ST.cnf,9,9,9,9,,12,15,13,16
ae9522ea003ea9f75891b2d37a5e264b-srhd-sgi-m37-q446.25-n35-p30-s33692332.cnf,1,0,0,0,,1,0,0,0
ae9b7950ef1513068bb9339893ec8c50-WCNF_to_alien_14.cnf,50,36,35,36,,16,135,9,19
af1e84bc2ab44d87d1c4c0cbf9e601c5-posixpath_expanduser_14.cnf,53,32,37,35,,33,116,10,25
af3d5273605b21b9d4c56dd46cbf366a-SCPC-700-82.cnf,6,4,5,6,,4,16,3,5
af5838e83024d2dee3942be8d8e35fec-TableModel_output_8_4_8.bul_.dimacs.cnf,36,33,41,35,,4,142,4,9
b09585f2346c207e9e14a3daf0de46cf-CNF_to_alien_11.cnf,29,19,20,19,,11,60,7,18
b157aeb75aec9158fed9e16d7fd2da57-ContextModel_output_6_4_6.bul_.dimacs.cnf,17,16,17,16,,18,29,18,18
b2145c28dbed385329ea73a06d9c519a-LZMAFile___init___14.cnf,54,34,36,36,,24,117,13,31
b3840e295097a13e6697fff6be813eeb-php16-mixed-15percent-blocked.cnf,57,22,31,30,,35,97,10,32
b44611ea7852dd30215cc1cb09e1ab79-PRP_30_39.cnf,2,3,3,2,,6,13,6,6
b5b1803491a265b02d595c1fb62d5991-intervals802.cnf,39,37,38,39,,19,60,68,22
b5cede38496a803dcfa155a5f4295c47-SC23_Timetable_C_476_E_50_Cl_32_D_6_T_50.cnf,2,2,2,3,,2,9,2,3
b6c44ccb3174b7f0a69185b11de86cfa-grs-128-64.cnf,5,5,6,5,,9,11,9,9
b6c6f1081dbb672e8294685d03326b09-intervals80.cnf,42,41,40,40,,36,43,47,45
b86f2425cafeb1239d65bd529e372e02-ER_500_10_1.apx_1_DC-AD.cnf,33,29,31,30,,36,50,28,41
bab57c8799cb05c8c1757c60d4ebdefd-satcoin-genesis-UNSAT-17400.cnf,4,4,4,5,,11,12,11,12
bb8042839130ce5597c358c1955706ff-hash_table_find_safety_size_30.cnf,1,1,0,0,,2,2,2,1
bbf800109d039e117ed60593c185692c-ER_500_10_2.apx_1_DS-ST.cnf,36,30,32,32,,34,57,27,36
bc3a8bd47c5575c2f1b31882d28ee091-26_1.cnf,15,17,17,15,,20,16,26,25
bc7dc7a83b442a2bf4cf8cae3f0e0faa-hash_table_find_safety_size_18.cnf,1,1,0,0,,2,2,1,1
bca01a49805df3399a0438191019e417-SCPC-700-87.cnf,5,4,4,5,,10,36,7,14
bcd753d08904860fa93a794557185e04-SC23_Timetable_C_488_E_50_Cl_33_D_6_T_50.cnf,24,24,24,24,,24,39,24,27
bd0b055b890a9ace598a0c4aba40de30-sat-bench-trig-bhaskara.cnf,4,4,4,3,,6,10,7,7
bdc85226a8d910a8b7d6a8730c7a4572-PRP_40_40.cnf,3,3,3,3,,8,8,8,7
be5c82b97513a31e0b3bcc1c231018ad-asconhashv12_opt64_H15_M2-kwhXs2juqFoKAYA_m12_13_U16.c.cnf,7,8,11,9,,4,23,5,4
c0069efa0c924e416878d9426f1ef92e-SCPC-900-29.cnf,5,4,5,5,,13,25,8,14
c115ebeec47bb82fa7f9850a632ec94a-brent_71_0.25.cnf,1,1,0,0,,2,2,2,1
c1324a6876269ee93890e266fe214557-SCPC-800-50.cnf,5,4,5,5,,14,41,9,19
c1b5c3d1016de7baeb0ddb3a2ab2d891-SCPC-900-27.cnf,6,5,6,5,,14,40,9,20
c32f194ad850c944142c74514dfb3c5f-WCNFPlus_from_fp_13.cnf,43,39,38,38,,32,76,30,45
c40838cb3ed9babe51dc41185e70a3dd-hash_table_find_safety_size_11.cnf,1,0,0,0,,2,1,1,1
c7bf3517f47d583ae567de3db3708969-oisc-subrv-and-nested-14.cnf,2,1,1,1,,4,4,4,4
c9af5b23c87350f5d817acc9ca7b69bb-CNF_to_alien_12.cnf,60,29,32,31,,23,106,9,27
c9f7ca549a6773bea4628e2c66f597c6-brent_51_0.17.cnf,1,1,0,0,,2,2,2,2
caead0e04b6de4365822b25dfd55967f-preimage_80r_490m_160h_seed_150.cnf,4,3,3,3,,12,13,13,12
cbd0933002d6c4ea99ceb47bb0c3f4c9-em_11_3_4_cmp.cnf,4,3,4,3,,11,18,10,10
cd118ff851f95661b2a3adfc3e393c74-Schur_160_5_d34.cnf,24,25,25,24,,31,36,33,34
cd58fa8eba4046fd0a86642e1fe26cb9-intervals803.cnf,39,40,39,38,,34,58,37,39
cd86fbfd8b7e0d66ec5fe8fe85c014d3-mchess22-mixed-35percent-blocked.cnf,33,32,33,33,,32,48,33,32
cdd131110acc861a5a01fae6c4936c91-6g_6color_366_050_04.cnf,5,4,4,4,,6,7,7,7
ce49f590c98885f7ac95567f2b1e7dd5-CNP-5-1100.cnf,2,2,2,1,,4,5,4,5
cea96962ebd736646af54d950943d909-SCPC-800-41.cnf,5,4,5,4,,10,28,7,13
cfc53adcc8ed18ca161bb6f8bc02b237-asconhashv12_opt64_H7_M2-gHvzZOd_m3_4_U11.c.cnf,4,4,3,6,,4,25,3,4
d0364ea3e1680c6da7e982e6b0264af6-new-difficult-26-243-24-70.cnf,1,0,0,0,,1,0,0,0
d0fe6bf914469ca51675bac9078a2c0b-asconhashv12_opt64_H10_M2-pH7B6T6Vub_m6_7.c.cnf,2,1,2,4,,2,38,3,3
d17aa530bbd09452b0f32daf4ab9c8f0-tph8.cnf,44,46,42,45,,60,48,40,50
d1a62a8688c6c4fabd0dec3770ce40dd-qwh.40.560.shuffled-as.sat03-1654.cnf,1,1,1,0,,2,3,2,2
d1f4348ad66cae01386777daae51c024-eqspctbk14spwtcl14.cnf,18,20,18,18,,21,26,22,27
d3529338d35aa27e8024932d3b5f64b5-PRP_20_50.cnf,2,3,2,2,,5,6,5,6
d3daba681653ea969bedf0c4a2fdb947-ER_400_20_7.apx_1_DC-ST.cnf,8,8,8,8,,10,21,9,12
d46c3fc9e953d4f84e8a18e52e29e7b7-PRP_100_350.cnf,25,24,25,25,,25,46,25,25
d5efaaee0197822c2676e45bac5068b2-SC23_Timetable_C_484_E_50_Cl_33_D_6_T_50.cnf,2,2,2,3,,10,11,10,10
d60f56735dc8e89d7d91a01f4340df0c-baseballcover13with25_and3positions.cnf,8,8,8,7,,12,12,12,12
d6402b482a5dc102a5b09360689e2be8-jkkk-one-one-11-32-unsat.cnf,7,6,7,7,,9,12,9,14
d66ab8bce1b8979dbd26b3c220e817be-PRP_200_100.cnf,22,22,23,23,,28,28,28,28
d7f381cd99ca40ba3324c8cc03a54269-mchess16-mixed-25percent-blocked.cnf,7,5,7,6,,10,7,28,8
d84a89fb1bc1ff37dc4737867257b290-SCPC-800-49.cnf,11,8,9,9,,8,29,6,12
d89718e39ff99638c2882b47988120cd-brent_63_0.1.cnf,1,0,0,0,,1,1,1,1
d89f0a7a08f9b60579b26b01e2196394-intervals467.cnf,38,40,39,39,,34,41,46,42
d8f131a86243ef138af39abf52a479e5-SC23_Timetable_C_481_E_51_Cl_32_D_6_T_50.cnf,4,4,4,4,,5,8,5,5
d8fa4265b93d0931ba6484e3cc0d7ab1-brent_13_0.1.cnf,12,12,12,12,,17,17,17,19
da43a3ef0ef5d34143e765d480dedc7a-DivU_624_11.cnf.sanitized.cnf,1,2,2,2,,4,5,5,5
db4a0d4ba26c46d66ad6cdcb0645a4d9-WS_500_16_70_10.apx_2_DC-ST.cnf,7,7,6,6,,8,16,9,8
dbe18c99e95ac42816b99b96d36a8732-grs-32-256.cnf,8,8,8,8,,12,13,12,12
dd169198070f9aa35015de65e8209a05-LZMAFile_write_12.cnf,58,30,33,35,,23,92,14,38
dd6ef995af0267ce71076250a1226801-intervals313.cnf,43,42,42,41,,32,59,48,45
ddd3b43476c18cf483aac233d4dc1c68-PRP_20_40.cnf,3,2,2,2,,4,4,3,4
deef4e5f8bf88393cea9589dff97d70c-ContextModel_output_8_4_8.bul_.dimacs.cnf,17,16,17,17,,19,30,19,20
df237594dc22b8f7cad2c4b38a23e40c-17_0.cnf,18,17,16,17,,19,21,26,24
e444548857eaf649c4624e3494c89c8e-asconhashv12_opt64_H8_M2-bL4cM6NJ_m4_5_U14.c.cnf,3,3,4,11,,4,4,3,39
e46bdd62b3789b64f7fbb3bd6c99484e-intervals727.cnf,41,40,41,40,,39,47,41,42
e51a98d78f61103e0672579e87cfd7e5-satcoin-genesis-UNSAT-11400.cnf,4,4,4,4,,10,11,11,11
e5a72ac8f4880702a4deacc7854318e8-hash_table_find_safety_size_19.cnf,1,1,0,0,,2,2,1,2
e6d247292b525447a220323901842e4c-or_randxor_k3_n540_m540.cnf,24,23,24,24,,30,37,31,31
e966bddd11e46b735f8520f8304e368e-SC23_Timetable_C_483_E_50_Cl_33_D_6_T_50.cnf,1,1,1,1,,2,3,3,2
ea5b47b3ffb3b8cb77a2cff83cc1ffba-PRP_100_500.cnf,23,22,23,23,,23,45,24,24
eaf2f0803dd2045f1b189ee834ef0c8f-rphp_p8_r250.cnf,32,33,32,31,,38,33,36,38
eca3692344e30ae83a49158b5baf3372-brent_65_0.1.cnf,1,0,0,0,,1,1,1,0
ed76b075cdf07435c6e4f6203dd10cb7-SCPC-700-88.cnf,7,5,7,7,,10,28,6,13
eec821f866557886a5b0352332943fa2-SCPC-700-81.cnf,3,2,3,3,,15,45,9,18
eecdcc36d35f06224cc972cbb08de804-SCPC-1000-18.cnf,5,4,4,4,,10,14,6,11
f02379d63678798e38dcc52b043cc51d-asconhashv12_opt64_H13_M2-axxJh7DAq767y_m4_5.c.cnf,3,3,3,4,,4,4,4,47
f0895a5904fb97278b7b54733ee1dabb-brent_63_0.22.cnf,2,2,2,2,,2,2,2,2
f08b3567642ea029452fff2c1d10c132-brent_15_0.25.cnf,16,16,16,16,,19,32,19,19
f090d0d6eaff3b92c817f5db6fa47544-intervals718.cnf,41,40,40,40,,33,47,47,42
f20c2aa0f9cced05a74031e0a3afaa1a-SC23_Timetable_C_473_E_50_Cl_32_D_6_T_50.cnf,1,1,1,0,,3,4,4,3
f26f199564d6ffac7e700c2e66470ec0-TableSymModel_output_6_4_6.bul_.dimacs.cnf,31,30,30,29,,38,39,35,37
f35ed23733431177436a1e7797c07dfe-SCPC-900-31.cnf,17,11,13,14,,9,30,7,14
f4064d73fd6e69caf154046e61fea7b8-cliquecoloring_n18_k7_c6.cnf,48,47,48,47,,47,59,39,53
f448874997bae64bd455fb00309dc738-asconhashv12_opt64_H7_M2-OrF8zEw_m2_4.c.cnf,2,2,2,4,,2,3,24,2
f55acea8f0d207becbbbd26a11d97841-grs-48-160.cnf,6,7,7,7,,10,11,11,11
f57aba96bfed8f8a8b860eba1a8f1ea5-TableModel_output_6_4_6.bul_.dimacs.cnf,36,32,37,34,,5,147,4,5
f88afbcd8b4c29a8c1b3518caa4e949c-cliquecoloring_n16_k7_c6.cnf,47,46,46,47,,48,54,41,50
f959755d7c68ea8b64d900e589fbe21f-g2-slp-synthesis-aes-top29.cnf,3,3,3,3,,2,3,3,3
fab0db1ab0dd5baa3215aab51ab69355-brent_63_0.2.cnf,1,1,0,0,,2,6,2,1
faeb113864d97ea4cb3f01f95d2fe92f-SCPC-800-44.cnf,4,3,4,4,,10,34,7,14
fb5d0254bc4b8d258eb84ea1dbcdda13-mchess22-mixed-25percent-blocked.cnf,33,34,33,32,,34,42,34,35
fd1fbc1b090c14746a883b3a17259743-9vliw_bp_mc.shuffled.cnf,2,2,2,2,,4,5,4,5
fd2af7622798171f23a4b8d2616df55e-StreamReader_readline_13.cnf,58,32,33,33,,27,116,11,25
fdc5aa7c150fd1c49ad3b50433277528-PRP_100_300.cnf,22,23,23,22,,24,46,25,25
fdfcd52a21824b7181d66672f283ba04-instance_n6_i6_pp_ci_ce.cnf,1,1,0,0,,2,1,2,2
fe19a31b76cbba5901e16ce36c7578ed-C208_FA_UT_3254.cnf,1,0,0,0,,1,0,0,0
fe8b1ef742724947620a419d0180a640-mchess18-mixed-35percent-blocked.cnf,15,15,16,16,,19,26,20,21
fee70cede2b5b55bfbdb6e48fbe7ce4f-DLTM_twitter690_74_16.cnf,3,2,2,3,,7,9,8,7
ff5170c690129f8c94658e82b6aab05c-Urquhart-s5-b4.shuffled.cnf,79,74,74,87,,220,26,27,26
ff867fd35aa52058382a8b0c21cd1f38-mchess20-mixed-35percent-blocked.cnf,33,31,32,32,,34,34,33,35
,,,,,,,,,
,,,,,,,,,
,,,,,,,,,
,,,,,,,,,
,,,,,,,,,
,,,,,,,,,
,,,,,,,,,
,,,,,,,,,
,,,,,,,,,
,,,,,,,,,
,,,,,,,,,
